Molecule,Group,Conformer,Normal_Termination,Gibbs_Hartree,Imaginary_Freq
34,Group1_100Aq,conf_01,TRUE,-1012.59797469,FALSE
34,Group1_100Aq,conf_02,TRUE,-1012.59823707,FALSE
34,Group1_100Aq,conf_03,TRUE,-1012.59495078,FALSE
34,Group1_100Aq,conf_04,TRUE,-1012.59429406,FALSE
34,Group1_100Aq,conf_05,TRUE,-1012.59423699,FALSE
34,Group2_80-20,conf_01,TRUE,-1012.59794700,FALSE
34,Group2_80-20,conf_02,TRUE,-1012.59820712,FALSE
34,Group2_80-20,conf_03,TRUE,-1012.59492625,FALSE
34,Group2_80-20,conf_04,TRUE,-1012.59427271,FALSE
34,Group2_80-20,conf_05,TRUE,-1012.59421245,FALSE
34,Group3_60-40,conf_01,TRUE,-1012.59790617,FALSE
34,Group3_60-40,conf_02,TRUE,-1012.59816951,FALSE
34,Group3_60-40,conf_03,TRUE,-1012.59489434,FALSE
34,Group3_60-40,conf_04,TRUE,-1012.59423847,FALSE
34,Group3_60-40,conf_05,TRUE,-1012.59418020,FALSE
34,Group4_40-60,conf_01,TRUE,-1012.59785263,FALSE
34,Group4_40-60,conf_02,TRUE,-1012.59811665,FALSE
34,Group4_40-60,conf_03,TRUE,-1012.59485106,FALSE
34,Group4_40-60,conf_04,TRUE,-1012.59419399,FALSE
34,Group4_40-60,conf_05,TRUE,-1012.59413682,FALSE
34,Group5_20-80,conf_01,TRUE,-1012.59777590,FALSE
34,Group5_20-80,conf_02,TRUE,-1012.59804091,FALSE
34,Group5_20-80,conf_03,TRUE,-1012.59478903,FALSE
34,Group5_20-80,conf_04,TRUE,-1012.59412950,FALSE
34,Group5_20-80,conf_05,TRUE,-1012.59407395,FALSE
34,Group6_100Org,conf_01,TRUE,-1012.59765618,FALSE
34,Group6_100Org,conf_02,TRUE,-1012.59792332,FALSE
34,Group6_100Org,conf_03,TRUE,-1012.59469284,FALSE
34,Group6_100Org,conf_04,TRUE,-1012.59403602,FALSE
34,Group6_100Org,conf_05,TRUE,-1012.59397678,FALSE
38,Group1_100Aq,conf_01,TRUE,-1043.96630467,FALSE
38,Group1_100Aq,conf_02,TRUE,-1043.96517357,FALSE
38,Group1_100Aq,conf_03,TRUE,-1043.96635168,FALSE
38,Group1_100Aq,conf_04,TRUE,-1043.96562276,FALSE
38,Group1_100Aq,conf_05,TRUE,-1043.96508246,FALSE
38,Group1_100Aq,conf_06,TRUE,-1043.96626946,FALSE
38,Group1_100Aq,conf_07,TRUE,-1043.96563702,FALSE
38,Group1_100Aq,conf_08,TRUE,-1043.96552844,FALSE
38,Group1_100Aq,conf_09,TRUE,-1043.96566574,FALSE
38,Group1_100Aq,conf_10,TRUE,-1043.96565912,FALSE
38,Group1_100Aq,conf_11,TRUE,-1043.96568040,FALSE
38,Group1_100Aq,conf_12,TRUE,-1043.96573021,FALSE
38,Group1_100Aq,conf_13,TRUE,-1043.96575301,FALSE
38,Group1_100Aq,conf_14,TRUE,-1043.96574573,FALSE
38,Group1_100Aq,conf_15,TRUE,-1043.96121797,FALSE
38,Group2_80-20,conf_01,TRUE,-1043.96628014,FALSE
38,Group2_80-20,conf_02,TRUE,-1043.96514971,FALSE
38,Group2_80-20,conf_03,TRUE,-1043.96632673,FALSE
38,Group2_80-20,conf_04,TRUE,-1043.96559556,FALSE
38,Group2_80-20,conf_05,TRUE,-1043.96505875,FALSE
38,Group2_80-20,conf_06,TRUE,-1043.96624532,FALSE
38,Group2_80-20,conf_07,TRUE,-1043.96560990,FALSE
38,Group2_80-20,conf_08,TRUE,-1043.96550177,FALSE
38,Group2_80-20,conf_09,TRUE,-1043.96563884,FALSE
38,Group2_80-20,conf_10,TRUE,-1043.96563202,FALSE
38,Group2_80-20,conf_11,TRUE,-1043.96565379,FALSE
38,Group2_80-20,conf_12,TRUE,-1043.96570271,FALSE
38,Group2_80-20,conf_13,TRUE,-1043.96572504,FALSE
38,Group2_80-20,conf_14,TRUE,-1043.96571777,FALSE
38,Group2_80-20,conf_15,TRUE,-1043.96118521,FALSE
38,Group3_60-40,conf_01,TRUE,-1043.96624820,FALSE
38,Group3_60-40,conf_02,TRUE,-1043.96511864,FALSE
38,Group3_60-40,conf_03,TRUE,-1043.96629489,FALSE
38,Group3_60-40,conf_04,TRUE,-1043.96556014,FALSE
38,Group3_60-40,conf_05,TRUE,-1043.96502784,FALSE
38,Group3_60-40,conf_06,TRUE,-1043.96621387,FALSE
38,Group3_60-40,conf_07,TRUE,-1043.96557458,FALSE
38,Group3_60-40,conf_08,TRUE,-1043.96546712,FALSE
38,Group3_60-40,conf_09,TRUE,-1043.96560299,FALSE
38,Group3_60-40,conf_10,TRUE,-1043.96559673,FALSE
38,Group3_60-40,conf_11,TRUE,-1043.96561897,FALSE
38,Group3_60-40,conf_12,TRUE,-1043.96566689,FALSE
38,Group3_60-40,conf_13,TRUE,-1043.96568888,FALSE
38,Group3_60-40,conf_14,TRUE,-1043.96568138,FALSE
38,Group3_60-40,conf_15,TRUE,-1043.96114251,FALSE
38,Group4_40-60,conf_01,TRUE,-1043.96620486,FALSE
38,Group4_40-60,conf_02,TRUE,-1043.96507647,FALSE
38,Group4_40-60,conf_03,TRUE,-1043.96625160,FALSE
38,Group4_40-60,conf_04,TRUE,-1043.96551209,FALSE
38,Group4_40-60,conf_05,TRUE,-1043.96498591,FALSE
38,Group4_40-60,conf_06,TRUE,-1043.96617119,FALSE
38,Group4_40-60,conf_07,TRUE,-1043.96552668,FALSE
38,Group4_40-60,conf_08,TRUE,-1043.96541995,FALSE
38,Group4_40-60,conf_09,TRUE,-1043.96554903,FALSE
38,Group4_40-60,conf_10,TRUE,-1043.96554884,FALSE
38,Group4_40-60,conf_11,TRUE,-1043.96557218,FALSE
38,Group4_40-60,conf_12,TRUE,-1043.96561828,FALSE
38,Group4_40-60,conf_13,TRUE,-1043.96563913,FALSE
38,Group4_40-60,conf_14,TRUE,-1043.96563197,FALSE
38,Group4_40-60,conf_15,TRUE,-1043.96108458,FALSE
38,Group5_20-80,conf_01,TRUE,-1043.96614272,FALSE
38,Group5_20-80,conf_02,TRUE,-1043.96501601,FALSE
38,Group5_20-80,conf_03,TRUE,-1043.96618951,FALSE
38,Group5_20-80,conf_04,TRUE,-1043.96544322,FALSE
38,Group5_20-80,conf_05,TRUE,-1043.96492577,FALSE
38,Group5_20-80,conf_06,TRUE,-1043.96610997,FALSE
38,Group5_20-80,conf_07,TRUE,-1043.96545800,FALSE
38,Group5_20-80,conf_08,TRUE,-1043.96535394,FALSE
38,Group5_20-80,conf_09,TRUE,-1043.96547971,FALSE
38,Group5_20-80,conf_10,TRUE,-1043.96548018,FALSE
38,Group5_20-80,conf_11,TRUE,-1043.96550437,FALSE
38,Group5_20-80,conf_12,TRUE,-1043.96554830,FALSE
38,Group5_20-80,conf_13,TRUE,-1043.96556821,FALSE
38,Group5_20-80,conf_14,TRUE,-1043.96556096,FALSE
38,Group5_20-80,conf_15,TRUE,-1043.96100159,FALSE
38,Group6_100Org,conf_01,TRUE,-1043.96604609,FALSE
38,Group6_100Org,conf_02,TRUE,-1043.96492201,FALSE
38,Group6_100Org,conf_03,TRUE,-1043.96609343,FALSE
38,Group6_100Org,conf_04,TRUE,-1043.96533614,FALSE
38,Group6_100Org,conf_05,TRUE,-1043.96483225,FALSE
38,Group6_100Org,conf_06,TRUE,-1043.96601476,FALSE
38,Group6_100Org,conf_07,TRUE,-1043.96535129,FALSE
38,Group6_100Org,conf_08,TRUE,-1043.96524914,FALSE
38,Group6_100Org,conf_09,TRUE,-1043.96537200,FALSE
38,Group6_100Org,conf_10,TRUE,-1043.96537342,FALSE
38,Group6_100Org,conf_11,TRUE,-1043.96539943,FALSE
38,Group6_100Org,conf_12,TRUE,-1043.96544008,FALSE
38,Group6_100Org,conf_13,TRUE,-1043.96545798,FALSE
38,Group6_100Org,conf_14,TRUE,-1043.96545082,FALSE
38,Group6_100Org,conf_15,TRUE,-1043.96087260,FALSE
37,Group1_100Aq,conf_01,TRUE,-967.54577884,FALSE
37,Group1_100Aq,conf_02,TRUE,-967.54563376,FALSE
37,Group1_100Aq,conf_03,TRUE,-967.54541238,FALSE
37,Group1_100Aq,conf_04,TRUE,-967.54534421,FALSE
37,Group1_100Aq,conf_05,TRUE,-967.54389150,FALSE
37,Group1_100Aq,conf_06,TRUE,-967.54386051,FALSE
37,Group1_100Aq,conf_07,TRUE,-967.54394807,FALSE
37,Group1_100Aq,conf_08,TRUE,-967.54389998,FALSE
37,Group1_100Aq,conf_09,TRUE,-967.54395442,FALSE
37,Group1_100Aq,conf_10,TRUE,-967.54535360,FALSE
37,Group1_100Aq,conf_11,TRUE,-967.54392022,FALSE
37,Group1_100Aq,conf_12,TRUE,-967.54299928,FALSE
37,Group1_100Aq,conf_13,TRUE,-967.54289480,FALSE
37,Group1_100Aq,conf_14,TRUE,-967.54117261,FALSE
37,Group1_100Aq,conf_15,TRUE,-967.54251863,FALSE
37,Group1_100Aq,conf_16,TRUE,-967.54246875,FALSE
37,Group1_100Aq,conf_17,TRUE,-967.54243296,FALSE
37,Group1_100Aq,conf_18,TRUE,-967.54238738,FALSE
37,Group1_100Aq,conf_19,TRUE,-967.54238527,FALSE
37,Group1_100Aq,conf_20,TRUE,-967.54237943,FALSE
37,Group1_100Aq,conf_21,TRUE,-967.54238252,FALSE
37,Group1_100Aq,conf_22,TRUE,-967.54238480,FALSE
37,Group1_100Aq,conf_23,TRUE,-967.54308740,FALSE
37,Group1_100Aq,conf_24,TRUE,-967.54331186,FALSE
37,Group1_100Aq,conf_25,TRUE,-967.54346341,FALSE
37,Group1_100Aq,conf_26,TRUE,-967.54326816,FALSE
37,Group1_100Aq,conf_27,TRUE,-967.54303909,FALSE
37,Group1_100Aq,conf_28,TRUE,-967.54332288,FALSE
37,Group1_100Aq,conf_29,TRUE,-967.54327954,FALSE
37,Group1_100Aq,conf_30,TRUE,-967.54339307,FALSE
37,Group1_100Aq,conf_31,TRUE,-967.54351789,FALSE
37,Group1_100Aq,conf_32,TRUE,-967.54343874,FALSE
37,Group1_100Aq,conf_33,TRUE,-967.54299352,FALSE
37,Group2_80-20,conf_01,TRUE,-967.54575733,FALSE
37,Group2_80-20,conf_02,TRUE,-967.54561398,FALSE
37,Group2_80-20,conf_03,TRUE,-967.54539126,FALSE
37,Group2_80-20,conf_04,TRUE,-967.54532328,FALSE
37,Group2_80-20,conf_05,TRUE,-967.54387077,FALSE
37,Group2_80-20,conf_06,TRUE,-967.54383939,FALSE
37,Group2_80-20,conf_07,TRUE,-967.54392729,FALSE
37,Group2_80-20,conf_08,TRUE,-967.54388025,FALSE
37,Group2_80-20,conf_09,TRUE,-967.54393218,FALSE
37,Group2_80-20,conf_10,TRUE,-967.54533238,FALSE
37,Group2_80-20,conf_11,TRUE,-967.54389934,FALSE
37,Group2_80-20,conf_12,TRUE,-967.54297368,FALSE
37,Group2_80-20,conf_13,TRUE,-967.54287118,FALSE
37,Group2_80-20,conf_14,TRUE,-967.54114574,FALSE
37,Group2_80-20,conf_15,TRUE,-967.54249276,FALSE
37,Group2_80-20,conf_16,TRUE,-967.54244465,FALSE
37,Group2_80-20,conf_17,TRUE,-967.54240705,FALSE
37,Group2_80-20,conf_18,TRUE,-967.54236515,FALSE
37,Group2_80-20,conf_19,TRUE,-967.54236067,FALSE
37,Group2_80-20,conf_20,TRUE,-967.54235465,FALSE
37,Group2_80-20,conf_21,TRUE,-967.54236119,FALSE
37,Group2_80-20,conf_22,TRUE,-967.54236235,FALSE
37,Group2_80-20,conf_23,TRUE,-967.54306408,FALSE
37,Group2_80-20,conf_24,TRUE,-967.54328809,FALSE
37,Group2_80-20,conf_25,TRUE,-967.54343759,FALSE
37,Group2_80-20,conf_26,TRUE,-967.54324423,FALSE
37,Group2_80-20,conf_27,TRUE,-967.54301433,FALSE
37,Group2_80-20,conf_28,TRUE,-967.54328985,FALSE
37,Group2_80-20,conf_29,TRUE,-967.54330149,FALSE
37,Group2_80-20,conf_30,TRUE,-967.54336976,FALSE
37,Group2_80-20,conf_31,TRUE,-967.54349331,FALSE
37,Group2_80-20,conf_32,TRUE,-967.54341457,FALSE
37,Group2_80-20,conf_33,TRUE,-967.54295660,FALSE
37,Group3_60-40,conf_01,TRUE,-967.54572931,FALSE
37,Group3_60-40,conf_02,TRUE,-967.54558748,FALSE
37,Group3_60-40,conf_03,TRUE,-967.54536375,FALSE
37,Group3_60-40,conf_04,TRUE,-967.54529598,FALSE
37,Group3_60-40,conf_05,TRUE,-967.54384376,FALSE
37,Group3_60-40,conf_06,TRUE,-967.54381191,FALSE
37,Group3_60-40,conf_07,TRUE,-967.54390917,FALSE
37,Group3_60-40,conf_08,TRUE,-967.54385240,FALSE
37,Group3_60-40,conf_09,TRUE,-967.54390625,FALSE
37,Group3_60-40,conf_10,TRUE,-967.54530499,FALSE
37,Group3_60-40,conf_11,TRUE,-967.54387214,FALSE
37,Group3_60-40,conf_12,TRUE,-967.54294148,FALSE
37,Group3_60-40,conf_13,TRUE,-967.54284041,FALSE
37,Group3_60-40,conf_14,TRUE,-967.54111219,FALSE
37,Group3_60-40,conf_15,TRUE,-967.54246110,FALSE
37,Group3_60-40,conf_16,TRUE,-967.54241632,FALSE
37,Group3_60-40,conf_17,TRUE,-967.54237735,FALSE
37,Group3_60-40,conf_18,TRUE,-967.54233375,FALSE
37,Group3_60-40,conf_19,TRUE,-967.54232847,FALSE
37,Group3_60-40,conf_20,TRUE,-967.54232350,FALSE
37,Group3_60-40,conf_21,TRUE,-967.54232949,FALSE
37,Group3_60-40,conf_22,TRUE,-967.54233389,FALSE
37,Group3_60-40,conf_23,TRUE,-967.54303056,FALSE
37,Group3_60-40,conf_24,TRUE,-967.54325715,FALSE
37,Group3_60-40,conf_25,TRUE,-967.54339368,FALSE
37,Group3_60-40,conf_26,TRUE,-967.54321337,FALSE
37,Group3_60-40,conf_27,TRUE,-967.54298206,FALSE
37,Group3_60-40,conf_28,TRUE,-967.54326332,FALSE
37,Group3_60-40,conf_29,TRUE,-967.54326525,FALSE
37,Group3_60-40,conf_30,TRUE,-967.54333944,FALSE
37,Group3_60-40,conf_31,TRUE,-967.54346132,FALSE
37,Group3_60-40,conf_32,TRUE,-967.54338310,FALSE
37,Group3_60-40,conf_33,TRUE,-967.54293003,FALSE
37,Group4_40-60,conf_01,TRUE,-967.54569132,FALSE
37,Group4_40-60,conf_02,TRUE,-967.54555140,FALSE
37,Group4_40-60,conf_03,TRUE,-967.54532644,FALSE
37,Group4_40-60,conf_04,TRUE,-967.54525891,FALSE
37,Group4_40-60,conf_05,TRUE,-967.54380713,FALSE
37,Group4_40-60,conf_06,TRUE,-967.54377463,FALSE
37,Group4_40-60,conf_07,TRUE,-967.54387247,FALSE
37,Group4_40-60,conf_08,TRUE,-967.54381495,FALSE
37,Group4_40-60,conf_09,TRUE,-967.54386793,FALSE
37,Group4_40-60,conf_10,TRUE,-967.54526782,FALSE
37,Group4_40-60,conf_11,TRUE,-967.54383523,FALSE
37,Group4_40-60,conf_12,TRUE,-967.54290954,FALSE
37,Group4_40-60,conf_13,TRUE,-967.54279885,FALSE
37,Group4_40-60,conf_14,TRUE,-967.54106962,FALSE
37,Group4_40-60,conf_15,TRUE,-967.54242463,FALSE
37,Group4_40-60,conf_16,TRUE,-967.54237302,FALSE
37,Group4_40-60,conf_17,TRUE,-967.54233598,FALSE
37,Group4_40-60,conf_18,TRUE,-967.54229174,FALSE
37,Group4_40-60,conf_19,TRUE,-967.54228598,FALSE
37,Group4_40-60,conf_20,TRUE,-967.54228134,FALSE
37,Group4_40-60,conf_21,TRUE,-967.54228614,FALSE
37,Group4_40-60,conf_22,TRUE,-967.54228852,FALSE
37,Group4_40-60,conf_23,TRUE,-967.54298492,FALSE
37,Group4_40-60,conf_24,TRUE,-967.54321542,FALSE
37,Group4_40-60,conf_25,TRUE,-967.54335827,FALSE
37,Group4_40-60,conf_26,TRUE,-967.54317141,FALSE
37,Group4_40-60,conf_27,TRUE,-967.54293831,FALSE
37,Group4_40-60,conf_28,TRUE,-967.54322166,FALSE
37,Group4_40-60,conf_29,TRUE,-967.54318742,FALSE
37,Group4_40-60,conf_30,TRUE,-967.54330094,FALSE
37,Group4_40-60,conf_31,TRUE,-967.54341802,FALSE
37,Group4_40-60,conf_32,TRUE,-967.54333428,FALSE
37,Group4_40-60,conf_33,TRUE,-967.54286764,FALSE
37,Group5_20-80,conf_01,TRUE,-967.54563967,FALSE
37,Group5_20-80,conf_02,TRUE,-967.54550010,FALSE
37,Group5_20-80,conf_03,TRUE,-967.54527280,FALSE
37,Group5_20-80,conf_04,TRUE,-967.54520582,FALSE
37,Group5_20-80,conf_05,TRUE,-967.54375460,FALSE
37,Group5_20-80,conf_06,TRUE,-967.54372119,FALSE
37,Group5_20-80,conf_07,TRUE,-967.54381985,FALSE
37,Group5_20-80,conf_08,TRUE,-967.54376274,FALSE
37,Group5_20-80,conf_09,TRUE,-967.54381644,FALSE
37,Group5_20-80,conf_10,TRUE,-967.54521454,FALSE
37,Group5_20-80,conf_11,TRUE,-967.54378230,FALSE
37,Group5_20-80,conf_12,TRUE,-967.54284760,FALSE
37,Group5_20-80,conf_13,TRUE,-967.54273972,FALSE
37,Group5_20-80,conf_14,TRUE,-967.54101153,FALSE
37,Group5_20-80,conf_15,TRUE,-967.54236588,FALSE
37,Group5_20-80,conf_16,TRUE,-967.54231457,FALSE
37,Group5_20-80,conf_17,TRUE,-967.54227584,FALSE
37,Group5_20-80,conf_18,TRUE,-967.54223048,FALSE
37,Group5_20-80,conf_19,TRUE,-967.54223099,FALSE
37,Group5_20-80,conf_20,TRUE,-967.54222265,FALSE
37,Group5_20-80,conf_21,TRUE,-967.54222630,FALSE
37,Group5_20-80,conf_22,TRUE,-967.54222018,FALSE
37,Group5_20-80,conf_23,TRUE,-967.54292308,FALSE
37,Group5_20-80,conf_24,TRUE,-967.54315547,FALSE
37,Group5_20-80,conf_25,TRUE,-967.54329305,FALSE
37,Group5_20-80,conf_26,TRUE,-967.54310729,FALSE
37,Group5_20-80,conf_27,TRUE,-967.54287564,FALSE
37,Group5_20-80,conf_28,TRUE,-967.54316158,FALSE
37,Group5_20-80,conf_29,TRUE,-967.54314275,FALSE
37,Group5_20-80,conf_30,TRUE,-967.54324248,FALSE
37,Group5_20-80,conf_31,TRUE,-967.54335601,FALSE
37,Group5_20-80,conf_32,TRUE,-967.54327932,FALSE
37,Group5_20-80,conf_33,TRUE,-967.54281405,FALSE
37,Group6_100Org,conf_01,TRUE,-967.54555532,FALSE
37,Group6_100Org,conf_02,TRUE,-967.54542076,FALSE
37,Group6_100Org,conf_03,TRUE,-967.54518999,FALSE
37,Group6_100Org,conf_04,TRUE,-967.54512317,FALSE
37,Group6_100Org,conf_05,TRUE,-967.54367292,FALSE
37,Group6_100Org,conf_06,TRUE,-967.54363822,FALSE
37,Group6_100Org,conf_07,TRUE,-967.54373806,FALSE
37,Group6_100Org,conf_08,TRUE,-967.54368025,FALSE
37,Group6_100Org,conf_09,TRUE,-967.54373272,FALSE
37,Group6_100Org,conf_10,TRUE,-967.54513173,FALSE
37,Group6_100Org,conf_11,TRUE,-967.54370006,FALSE
37,Group6_100Org,conf_12,TRUE,-967.54274046,FALSE
37,Group6_100Org,conf_13,TRUE,-967.54264703,FALSE
37,Group6_100Org,conf_14,TRUE,-967.54091724,FALSE
37,Group6_100Org,conf_15,TRUE,-967.54227346,FALSE
37,Group6_100Org,conf_16,TRUE,-967.54221647,FALSE
37,Group6_100Org,conf_17,TRUE,-967.54218331,FALSE
37,Group6_100Org,conf_18,TRUE,-967.54213823,FALSE
37,Group6_100Org,conf_19,TRUE,-967.54213559,FALSE
37,Group6_100Org,conf_20,TRUE,-967.54212745,FALSE
37,Group6_100Org,conf_21,TRUE,-967.54213254,FALSE
37,Group6_100Org,conf_22,TRUE,-967.54212794,FALSE
37,Group6_100Org,conf_23,TRUE,-967.54278672,FALSE
37,Group6_100Org,conf_24,TRUE,-967.54306276,FALSE
37,Group6_100Org,conf_25,TRUE,-967.54319209,FALSE
37,Group6_100Org,conf_26,TRUE,-967.54301827,FALSE
37,Group6_100Org,conf_27,TRUE,-967.54277831,FALSE
37,Group6_100Org,conf_28,TRUE,-967.54307404,FALSE
37,Group6_100Org,conf_29,TRUE,-967.54302848,FALSE
37,Group6_100Org,conf_30,TRUE,-967.54315062,FALSE
37,Group6_100Org,conf_31,TRUE,-967.54325988,FALSE
37,Group6_100Org,conf_32,TRUE,-967.54318128,FALSE
37,Group6_100Org,conf_33,TRUE,-967.54270805,FALSE
36,Group1_100Aq,conf_01,TRUE,-1085.17518612,FALSE
36,Group1_100Aq,conf_02,TRUE,-1085.17525454,FALSE
36,Group1_100Aq,conf_03,TRUE,-1085.17390795,FALSE
36,Group1_100Aq,conf_04,TRUE,-1085.17407158,FALSE
36,Group1_100Aq,conf_05,TRUE,-1085.17405649,FALSE
36,Group1_100Aq,conf_06,TRUE,-1085.17480908,FALSE
36,Group1_100Aq,conf_07,TRUE,-1085.17511563,FALSE
36,Group1_100Aq,conf_08,TRUE,-1085.17380899,FALSE
36,Group1_100Aq,conf_09,TRUE,-1085.17388276,FALSE
36,Group1_100Aq,conf_10,TRUE,-1085.17387791,FALSE
36,Group1_100Aq,conf_11,TRUE,-1085.17384504,FALSE
36,Group1_100Aq,conf_12,TRUE,-1085.17370955,FALSE
36,Group1_100Aq,conf_13,TRUE,-1085.17387204,FALSE
36,Group1_100Aq,conf_14,TRUE,-1085.17393559,FALSE
36,Group1_100Aq,conf_15,TRUE,-1085.17385340,FALSE
36,Group1_100Aq,conf_16,TRUE,-1085.17389332,FALSE
36,Group1_100Aq,conf_17,TRUE,-1085.17380905,FALSE
36,Group1_100Aq,conf_18,TRUE,-1085.17378808,FALSE
36,Group1_100Aq,conf_19,TRUE,-1085.17407697,FALSE
36,Group1_100Aq,conf_20,TRUE,-1085.17413756,FALSE
36,Group1_100Aq,conf_21,TRUE,-1085.17378134,FALSE
36,Group1_100Aq,conf_22,TRUE,-1085.17394938,FALSE
36,Group1_100Aq,conf_23,TRUE,-1085.17389663,FALSE
36,Group1_100Aq,conf_24,TRUE,-1085.17380537,FALSE
36,Group1_100Aq,conf_25,TRUE,-1085.17366151,FALSE
36,Group1_100Aq,conf_26,TRUE,-1085.17482084,FALSE
36,Group1_100Aq,conf_27,TRUE,-1085.17474688,FALSE
36,Group2_80-20,conf_01,TRUE,-1085.17515254,FALSE
36,Group2_80-20,conf_02,TRUE,-1085.17527224,FALSE
36,Group2_80-20,conf_03,TRUE,-1085.17389145,FALSE
36,Group2_80-20,conf_04,TRUE,-1085.17404787,FALSE
36,Group2_80-20,conf_05,TRUE,-1085.17403449,FALSE
36,Group2_80-20,conf_06,TRUE,-1085.17480644,FALSE
36,Group2_80-20,conf_07,TRUE,-1085.17509003,FALSE
36,Group2_80-20,conf_08,TRUE,-1085.17378570,FALSE
36,Group2_80-20,conf_09,TRUE,-1085.17385743,FALSE
36,Group2_80-20,conf_10,TRUE,-1085.17385430,FALSE
36,Group2_80-20,conf_11,TRUE,-1085.17382187,FALSE
36,Group2_80-20,conf_12,TRUE,-1085.17368647,FALSE
36,Group2_80-20,conf_13,TRUE,-1085.17384927,FALSE
36,Group2_80-20,conf_14,TRUE,-1085.17391165,FALSE
36,Group2_80-20,conf_15,TRUE,-1085.17382976,FALSE
36,Group2_80-20,conf_16,TRUE,-1085.17386979,FALSE
36,Group2_80-20,conf_17,TRUE,-1085.17378593,FALSE
36,Group2_80-20,conf_18,TRUE,-1085.17376553,FALSE
36,Group2_80-20,conf_19,TRUE,-1085.17405353,FALSE
36,Group2_80-20,conf_20,TRUE,-1085.17411121,FALSE
36,Group2_80-20,conf_21,TRUE,-1085.17375783,FALSE
36,Group2_80-20,conf_22,TRUE,-1085.17392615,FALSE
36,Group2_80-20,conf_23,TRUE,-1085.17386953,FALSE
36,Group2_80-20,conf_24,TRUE,-1085.17376918,FALSE
36,Group2_80-20,conf_25,TRUE,-1085.17363744,FALSE
36,Group2_80-20,conf_26,TRUE,-1085.17495424,FALSE
36,Group2_80-20,conf_27,TRUE,-1085.17476017,FALSE
36,Group3_60-40,conf_01,TRUE,-1085.17514197,FALSE
36,Group3_60-40,conf_02,TRUE,-1085.17525201,FALSE
36,Group3_60-40,conf_03,TRUE,-1085.17385794,FALSE
36,Group3_60-40,conf_04,TRUE,-1085.17401875,FALSE
36,Group3_60-40,conf_05,TRUE,-1085.17400581,FALSE
36,Group3_60-40,conf_06,TRUE,-1085.17478928,FALSE
36,Group3_60-40,conf_07,TRUE,-1085.17505944,FALSE
36,Group3_60-40,conf_08,TRUE,-1085.17375505,FALSE
36,Group3_60-40,conf_09,TRUE,-1085.17382672,FALSE
36,Group3_60-40,conf_10,TRUE,-1085.17382358,FALSE
36,Group3_60-40,conf_11,TRUE,-1085.17379167,FALSE
36,Group3_60-40,conf_12,TRUE,-1085.17365643,FALSE
36,Group3_60-40,conf_13,TRUE,-1085.17376408,FALSE
36,Group3_60-40,conf_14,TRUE,-1085.17388067,FALSE
36,Group3_60-40,conf_15,TRUE,-1085.17379896,FALSE
36,Group3_60-40,conf_16,TRUE,-1085.17383910,FALSE
36,Group3_60-40,conf_17,TRUE,-1085.17375583,FALSE
36,Group3_60-40,conf_18,TRUE,-1085.17373618,FALSE
36,Group3_60-40,conf_19,TRUE,-1085.17402386,FALSE
36,Group3_60-40,conf_20,TRUE,-1085.17408026,FALSE
36,Group3_60-40,conf_21,TRUE,-1085.17372720,FALSE
36,Group3_60-40,conf_22,TRUE,-1085.17389609,FALSE
36,Group3_60-40,conf_23,TRUE,-1085.17383965,FALSE
36,Group3_60-40,conf_24,TRUE,-1085.17373967,FALSE
36,Group3_60-40,conf_25,TRUE,-1085.17360754,FALSE
36,Group3_60-40,conf_26,TRUE,-1085.17490110,FALSE
36,Group3_60-40,conf_27,TRUE,-1085.17496328,FALSE
36,Group4_40-60,conf_01,TRUE,-1085.17510950,FALSE
36,Group4_40-60,conf_02,TRUE,-1085.17519278,FALSE
36,Group4_40-60,conf_03,TRUE,-1085.17382801,FALSE
36,Group4_40-60,conf_04,TRUE,-1085.17398065,FALSE
36,Group4_40-60,conf_05,TRUE,-1085.17396694,FALSE
36,Group4_40-60,conf_06,TRUE,-1085.17474177,FALSE
36,Group4_40-60,conf_07,TRUE,-1085.17501799,FALSE
36,Group4_40-60,conf_08,TRUE,-1085.17371368,FALSE
36,Group4_40-60,conf_09,TRUE,-1085.17378508,FALSE
36,Group4_40-60,conf_10,TRUE,-1085.17378188,FALSE
36,Group4_40-60,conf_11,TRUE,-1085.17375076,FALSE
36,Group4_40-60,conf_12,TRUE,-1085.17361569,FALSE
36,Group4_40-60,conf_13,TRUE,-1085.17378033,FALSE
36,Group4_40-60,conf_14,TRUE,-1085.17383839,FALSE
36,Group4_40-60,conf_15,TRUE,-1085.17375718,FALSE
36,Group4_40-60,conf_16,TRUE,-1085.17379749,FALSE
36,Group4_40-60,conf_17,TRUE,-1085.17371502,FALSE
36,Group4_40-60,conf_18,TRUE,-1085.17369634,FALSE
36,Group4_40-60,conf_19,TRUE,-1085.17398158,FALSE
36,Group4_40-60,conf_20,TRUE,-1085.17404056,FALSE
36,Group4_40-60,conf_21,TRUE,-1085.17368564,FALSE
36,Group4_40-60,conf_22,TRUE,-1085.17385520,FALSE
36,Group4_40-60,conf_23,TRUE,-1085.17379884,FALSE
36,Group4_40-60,conf_24,TRUE,-1085.17370284,FALSE
36,Group4_40-60,conf_25,TRUE,-1085.17356595,FALSE
36,Group4_40-60,conf_26,TRUE,-1085.17486464,FALSE
36,Group4_40-60,conf_27,TRUE,-1085.17465325,FALSE
36,Group5_20-80,conf_01,TRUE,-1085.17508797,FALSE
36,Group5_20-80,conf_02,TRUE,-1085.17511803,FALSE
36,Group5_20-80,conf_03,TRUE,-1085.17377110,FALSE
36,Group5_20-80,conf_04,TRUE,-1085.17392266,FALSE
36,Group5_20-80,conf_05,TRUE,-1085.17391122,FALSE
36,Group5_20-80,conf_06,TRUE,-1085.17465819,FALSE
36,Group5_20-80,conf_07,TRUE,-1085.17495867,FALSE
36,Group5_20-80,conf_08,TRUE,-1085.17365434,FALSE
36,Group5_20-80,conf_09,TRUE,-1085.17372690,FALSE
36,Group5_20-80,conf_10,TRUE,-1085.17372213,FALSE
36,Group5_20-80,conf_11,TRUE,-1085.17369209,FALSE
36,Group5_20-80,conf_12,TRUE,-1085.17355730,FALSE
36,Group5_20-80,conf_13,TRUE,-1085.17372138,FALSE
36,Group5_20-80,conf_14,TRUE,-1085.17377806,FALSE
36,Group5_20-80,conf_15,TRUE,-1085.17369730,FALSE
36,Group5_20-80,conf_16,TRUE,-1085.17373782,FALSE
36,Group5_20-80,conf_17,TRUE,-1085.17365670,FALSE
36,Group5_20-80,conf_18,TRUE,-1085.17363923,FALSE
36,Group5_20-80,conf_19,TRUE,-1085.17392218,FALSE
36,Group5_20-80,conf_20,TRUE,-1085.17396423,FALSE
36,Group5_20-80,conf_21,TRUE,-1085.17362606,FALSE
36,Group5_20-80,conf_22,TRUE,-1085.17379663,FALSE
36,Group5_20-80,conf_23,TRUE,-1085.17374074,FALSE
36,Group5_20-80,conf_24,TRUE,-1085.17361316,FALSE
36,Group5_20-80,conf_25,TRUE,-1085.17350637,FALSE
36,Group5_20-80,conf_26,TRUE,-1085.17467280,FALSE
36,Group5_20-80,conf_27,TRUE,-1085.17459176,FALSE
36,Group6_100Org,conf_01,TRUE,-1085.17495274,FALSE
36,Group6_100Org,conf_02,TRUE,-1085.17502460,FALSE
36,Group6_100Org,conf_03,TRUE,-1085.17369154,FALSE
36,Group6_100Org,conf_04,TRUE,-1085.17383613,FALSE
36,Group6_100Org,conf_05,TRUE,-1085.17382465,FALSE
36,Group6_100Org,conf_06,TRUE,-1085.17458183,FALSE
36,Group6_100Org,conf_07,TRUE,-1085.17486659,FALSE
36,Group6_100Org,conf_08,TRUE,-1085.17356217,FALSE
36,Group6_100Org,conf_09,TRUE,-1085.17363447,FALSE
36,Group6_100Org,conf_10,TRUE,-1085.17362983,FALSE
36,Group6_100Org,conf_11,TRUE,-1085.17360092,FALSE
36,Group6_100Org,conf_12,TRUE,-1085.17346599,FALSE
36,Group6_100Org,conf_13,TRUE,-1085.17363144,FALSE
36,Group6_100Org,conf_14,TRUE,-1085.17368417,FALSE
36,Group6_100Org,conf_15,TRUE,-1085.17360424,FALSE
36,Group6_100Org,conf_16,TRUE,-1085.17364512,FALSE
36,Group6_100Org,conf_17,TRUE,-1085.17356581,FALSE
36,Group6_100Org,conf_18,TRUE,-1085.17355039,FALSE
36,Group6_100Org,conf_19,TRUE,-1085.17382991,FALSE
36,Group6_100Org,conf_20,TRUE,-1085.17387064,FALSE
36,Group6_100Org,conf_21,TRUE,-1085.17353366,FALSE
36,Group6_100Org,conf_22,TRUE,-1085.17370556,FALSE
36,Group6_100Org,conf_23,TRUE,-1085.17364112,FALSE
36,Group6_100Org,conf_24,TRUE,-1085.17346455,FALSE
36,Group6_100Org,conf_25,TRUE,-1085.17341378,FALSE
36,Group6_100Org,conf_26,TRUE,-1085.17461144,FALSE
36,Group6_100Org,conf_27,TRUE,-1085.17443778,FALSE
33,Group1_100Aq,conf_01,TRUE,-840.19640506,FALSE
33,Group1_100Aq,conf_02,TRUE,-840.19610298,FALSE
33,Group1_100Aq,conf_03,TRUE,-840.19612941,FALSE
33,Group2_80-20,conf_01,TRUE,-840.19638570,FALSE
33,Group2_80-20,conf_02,TRUE,-840.19608354,FALSE
33,Group2_80-20,conf_03,TRUE,-840.19610996,FALSE
33,Group3_60-40,conf_01,TRUE,-840.19636055,FALSE
33,Group3_60-40,conf_02,TRUE,-840.19605822,FALSE
33,Group3_60-40,conf_03,TRUE,-840.19608464,FALSE
33,Group4_40-60,conf_01,TRUE,-840.19632629,FALSE
33,Group4_40-60,conf_02,TRUE,-840.19602387,FALSE
33,Group4_40-60,conf_03,TRUE,-840.19605027,FALSE
33,Group5_20-80,conf_01,TRUE,-840.19627734,FALSE
33,Group5_20-80,conf_02,TRUE,-840.19597463,FALSE
33,Group5_20-80,conf_03,TRUE,-840.19600101,FALSE
33,Group6_100Org,conf_01,TRUE,-840.19620119,FALSE
33,Group6_100Org,conf_02,TRUE,-840.19589812,FALSE
33,Group6_100Org,conf_03,TRUE,-840.19592449,FALSE
35,Group1_100Aq,conf_01,TRUE,-987.81262194,FALSE
35,Group1_100Aq,conf_02,TRUE,-987.81241058,FALSE
35,Group1_100Aq,conf_03,TRUE,-987.81240669,FALSE
35,Group1_100Aq,conf_04,TRUE,-987.80910483,FALSE
35,Group1_100Aq,conf_05,TRUE,-987.80894875,FALSE
35,Group1_100Aq,conf_06,TRUE,-987.80888605,FALSE
35,Group2_80-20,conf_01,TRUE,-987.81257951,FALSE
35,Group2_80-20,conf_02,TRUE,-987.81236788,FALSE
35,Group2_80-20,conf_03,TRUE,-987.81236398,FALSE
35,Group2_80-20,conf_04,TRUE,-987.80906138,FALSE
35,Group2_80-20,conf_05,TRUE,-987.80890531,FALSE
35,Group2_80-20,conf_06,TRUE,-987.80884284,FALSE
35,Group3_60-40,conf_01,TRUE,-987.81252533,FALSE
35,Group3_60-40,conf_02,TRUE,-987.81231213,FALSE
35,Group3_60-40,conf_03,TRUE,-987.81230834,FALSE
35,Group3_60-40,conf_04,TRUE,-987.80900481,FALSE
35,Group3_60-40,conf_05,TRUE,-987.80884864,FALSE
35,Group3_60-40,conf_06,TRUE,-987.80878650,FALSE
35,Group4_40-60,conf_01,TRUE,-987.81245076,FALSE
35,Group4_40-60,conf_02,TRUE,-987.81223664,FALSE
35,Group4_40-60,conf_03,TRUE,-987.81223292,FALSE
35,Group4_40-60,conf_04,TRUE,-987.80892782,FALSE
35,Group4_40-60,conf_05,TRUE,-987.80877194,FALSE
35,Group4_40-60,conf_06,TRUE,-987.80871012,FALSE
35,Group5_20-80,conf_01,TRUE,-987.81234456,FALSE
35,Group5_20-80,conf_02,TRUE,-987.81212834,FALSE
35,Group5_20-80,conf_03,TRUE,-987.81212482,FALSE
35,Group5_20-80,conf_04,TRUE,-987.80881793,FALSE
35,Group5_20-80,conf_05,TRUE,-987.80866194,FALSE
35,Group5_20-80,conf_06,TRUE,-987.80860068,FALSE
35,Group6_100Org,conf_01,TRUE,-987.81217965,FALSE
35,Group6_100Org,conf_02,TRUE,-987.81196026,FALSE
35,Group6_100Org,conf_03,TRUE,-987.81195696,FALSE
35,Group6_100Org,conf_04,TRUE,-987.80864740,FALSE
35,Group6_100Org,conf_05,TRUE,-987.80849154,FALSE
35,Group6_100Org,conf_06,TRUE,-987.80843080,FALSE
31,Group1_100Aq,conf_01,TRUE,-1121.89854014,FALSE
31,Group1_100Aq,conf_02,TRUE,-1121.89804250,FALSE
31,Group1_100Aq,conf_03,TRUE,-1121.89796467,FALSE
31,Group1_100Aq,conf_04,TRUE,-1121.89853571,FALSE
31,Group2_80-20,conf_01,TRUE,-1121.89852419,FALSE
31,Group2_80-20,conf_02,TRUE,-1121.89802605,FALSE
31,Group2_80-20,conf_03,TRUE,-1121.89794824,FALSE
31,Group2_80-20,conf_04,TRUE,-1121.89851936,FALSE
31,Group3_60-40,conf_01,TRUE,-1121.89850266,FALSE
31,Group3_60-40,conf_02,TRUE,-1121.89800484,FALSE
31,Group3_60-40,conf_03,TRUE,-1121.89792686,FALSE
31,Group3_60-40,conf_04,TRUE,-1121.89849828,FALSE
31,Group4_40-60,conf_01,TRUE,-1121.89847389,FALSE
31,Group4_40-60,conf_02,TRUE,-1121.89797494,FALSE
31,Group4_40-60,conf_03,TRUE,-1121.89789785,FALSE
31,Group4_40-60,conf_04,TRUE,-1121.89846940,FALSE
31,Group5_20-80,conf_01,TRUE,-1121.89843295,FALSE
31,Group5_20-80,conf_02,TRUE,-1121.89793296,FALSE
31,Group5_20-80,conf_03,TRUE,-1121.89785626,FALSE
31,Group5_20-80,conf_04,TRUE,-1121.89842830,FALSE
31,Group6_100Org,conf_01,TRUE,-1121.89836991,FALSE
31,Group6_100Org,conf_02,TRUE,-1121.89786837,FALSE
31,Group6_100Org,conf_03,TRUE,-1121.89779162,FALSE
31,Group6_100Org,conf_04,TRUE,-1121.89836368,FALSE
32,Group1_100Aq,conf_01,TRUE,-1499.37176619,FALSE
32,Group1_100Aq,conf_02,TRUE,-1499.37175218,FALSE
32,Group1_100Aq,conf_03,TRUE,-1499.37173262,FALSE
32,Group1_100Aq,conf_04,TRUE,-1499.37184812,FALSE
32,Group1_100Aq,conf_05,TRUE,-1499.37185275,FALSE
32,Group1_100Aq,conf_06,TRUE,-1499.37175429,FALSE
32,Group1_100Aq,conf_07,TRUE,-1499.37175587,FALSE
32,Group1_100Aq,conf_08,TRUE,-1499.37175463,FALSE
32,Group1_100Aq,conf_09,TRUE,-1499.37098626,FALSE
32,Group1_100Aq,conf_10,TRUE,-1499.37097119,FALSE
32,Group1_100Aq,conf_11,TRUE,-1499.37175128,FALSE
32,Group1_100Aq,conf_12,TRUE,-1499.37175923,FALSE
32,Group1_100Aq,conf_13,TRUE,-1499.37175705,FALSE
32,Group1_100Aq,conf_14,TRUE,-1499.37176060,FALSE
32,Group1_100Aq,conf_15,TRUE,-1499.37182065,FALSE
32,Group1_100Aq,conf_16,TRUE,-1499.37180879,FALSE
32,Group1_100Aq,conf_17,TRUE,-1499.37107908,FALSE
32,Group1_100Aq,conf_18,TRUE,-1499.37173253,FALSE
32,Group1_100Aq,conf_19,TRUE,-1499.37099917,FALSE
32,Group1_100Aq,conf_20,TRUE,-1499.37107471,FALSE
32,Group1_100Aq,conf_21,TRUE,-1499.37147734,FALSE
32,Group1_100Aq,conf_22,TRUE,-1499.37176334,FALSE
32,Group1_100Aq,conf_23,TRUE,-1499.37179552,FALSE
32,Group1_100Aq,conf_24,TRUE,-1499.37150813,FALSE
32,Group1_100Aq,conf_25,TRUE,-1499.37149105,FALSE
32,Group1_100Aq,conf_26,TRUE,-1499.36846130,TRUE
32,Group1_100Aq,conf_27,TRUE,-1499.37153541,FALSE
32,Group1_100Aq,conf_28,TRUE,-1499.37140103,FALSE
32,Group2_80-20,conf_01,TRUE,-1499.37174705,FALSE
32,Group2_80-20,conf_02,TRUE,-1499.37173334,FALSE
32,Group2_80-20,conf_03,TRUE,-1499.37171369,FALSE
32,Group2_80-20,conf_04,TRUE,-1499.37182874,FALSE
32,Group2_80-20,conf_05,TRUE,-1499.37183320,FALSE
32,Group2_80-20,conf_06,TRUE,-1499.37173523,FALSE
32,Group2_80-20,conf_07,TRUE,-1499.37173607,FALSE
32,Group2_80-20,conf_08,TRUE,-1499.37173440,FALSE
32,Group2_80-20,conf_09,TRUE,-1499.37096746,FALSE
32,Group2_80-20,conf_10,TRUE,-1499.37095237,FALSE
32,Group2_80-20,conf_11,TRUE,-1499.37173217,FALSE
32,Group2_80-20,conf_12,TRUE,-1499.37174021,FALSE
32,Group2_80-20,conf_13,TRUE,-1499.37173775,FALSE
32,Group2_80-20,conf_14,TRUE,-1499.37174132,FALSE
32,Group2_80-20,conf_15,TRUE,-1499.37180797,FALSE
32,Group2_80-20,conf_16,TRUE,-1499.37178949,FALSE
32,Group2_80-20,conf_17,TRUE,-1499.37105984,FALSE
32,Group2_80-20,conf_18,TRUE,-1499.37171352,FALSE
32,Group2_80-20,conf_19,TRUE,-1499.37098017,FALSE
32,Group2_80-20,conf_20,TRUE,-1499.37105533,FALSE
32,Group2_80-20,conf_21,TRUE,-1499.37145811,FALSE
32,Group2_80-20,conf_22,TRUE,-1499.37174423,FALSE
32,Group2_80-20,conf_23,TRUE,-1499.37177610,FALSE
32,Group2_80-20,conf_24,TRUE,-1499.37148839,FALSE
32,Group2_80-20,conf_25,TRUE,-1499.37147150,FALSE
32,Group2_80-20,conf_26,TRUE,-1499.36844197,TRUE
32,Group2_80-20,conf_27,TRUE,-1499.37151593,FALSE
32,Group2_80-20,conf_28,TRUE,-1499.37138185,FALSE
32,Group3_60-40,conf_01,TRUE,-1499.37172209,FALSE
32,Group3_60-40,conf_02,TRUE,-1499.37170879,FALSE
32,Group3_60-40,conf_03,TRUE,-1499.37168901,FALSE
32,Group3_60-40,conf_04,TRUE,-1499.37180353,FALSE
32,Group3_60-40,conf_05,TRUE,-1499.37180781,FALSE
32,Group3_60-40,conf_06,TRUE,-1499.37171115,FALSE
32,Group3_60-40,conf_07,TRUE,-1499.37171113,FALSE
32,Group3_60-40,conf_08,TRUE,-1499.37170958,FALSE
32,Group3_60-40,conf_09,TRUE,-1499.37094366,FALSE
32,Group3_60-40,conf_10,TRUE,-1499.37092779,FALSE
32,Group3_60-40,conf_11,TRUE,-1499.37170730,FALSE
32,Group3_60-40,conf_12,TRUE,-1499.37171535,FALSE
32,Group3_60-40,conf_13,TRUE,-1499.37171276,FALSE
32,Group3_60-40,conf_14,TRUE,-1499.37171631,FALSE
32,Group3_60-40,conf_15,TRUE,-1499.37178285,FALSE
32,Group3_60-40,conf_16,TRUE,-1499.37176455,FALSE
32,Group3_60-40,conf_17,TRUE,-1499.37103479,FALSE
32,Group3_60-40,conf_18,TRUE,-1499.37168843,FALSE
32,Group3_60-40,conf_19,TRUE,-1499.37095503,FALSE
32,Group3_60-40,conf_20,TRUE,-1499.37103010,FALSE
32,Group3_60-40,conf_21,TRUE,-1499.37143305,FALSE
32,Group3_60-40,conf_22,TRUE,-1499.37171932,FALSE
32,Group3_60-40,conf_23,TRUE,-1499.37175231,FALSE
32,Group3_60-40,conf_24,TRUE,-1499.37146355,FALSE
32,Group3_60-40,conf_25,TRUE,-1499.37144658,FALSE
32,Group3_60-40,conf_26,TRUE,-1499.36841684,TRUE
32,Group3_60-40,conf_27,TRUE,-1499.37149054,FALSE
32,Group3_60-40,conf_28,TRUE,-1499.37135688,FALSE
32,Group4_40-60,conf_01,TRUE,-1499.37169020,FALSE
32,Group4_40-60,conf_02,TRUE,-1499.37167550,FALSE
32,Group4_40-60,conf_03,TRUE,-1499.37165547,FALSE
32,Group4_40-60,conf_04,TRUE,-1499.37176925,FALSE
32,Group4_40-60,conf_05,TRUE,-1499.37177325,FALSE
32,Group4_40-60,conf_06,TRUE,-1499.37167752,FALSE
32,Group4_40-60,conf_07,TRUE,-1499.37167633,FALSE
32,Group4_40-60,conf_08,TRUE,-1499.37167590,FALSE
32,Group4_40-60,conf_09,TRUE,-1499.37091123,FALSE
32,Group4_40-60,conf_10,TRUE,-1499.37089462,FALSE
32,Group4_40-60,conf_11,TRUE,-1499.37167354,FALSE
32,Group4_40-60,conf_12,TRUE,-1499.37168189,FALSE
32,Group4_40-60,conf_13,TRUE,-1499.37167894,FALSE
32,Group4_40-60,conf_14,TRUE,-1499.37168230,FALSE
32,Group4_40-60,conf_15,TRUE,-1499.37174884,FALSE
32,Group4_40-60,conf_16,TRUE,-1499.37173059,FALSE
32,Group4_40-60,conf_17,TRUE,-1499.37100003,FALSE
32,Group4_40-60,conf_18,TRUE,-1499.37165416,FALSE
32,Group4_40-60,conf_19,TRUE,-1499.37092182,FALSE
32,Group4_40-60,conf_20,TRUE,-1499.37099585,FALSE
32,Group4_40-60,conf_21,TRUE,-1499.37139907,FALSE
32,Group4_40-60,conf_22,TRUE,-1499.37168515,FALSE
32,Group4_40-60,conf_23,TRUE,-1499.37171604,FALSE
32,Group4_40-60,conf_24,TRUE,-1499.37142933,FALSE
32,Group4_40-60,conf_25,TRUE,-1499.37141244,FALSE
32,Group4_40-60,conf_26,TRUE,-1499.36838273,TRUE
32,Group4_40-60,conf_27,TRUE,-1499.37145611,FALSE
32,Group4_40-60,conf_28,TRUE,-1499.37132299,FALSE
32,Group5_20-80,conf_01,TRUE,-1499.37163968,FALSE
32,Group5_20-80,conf_02,TRUE,-1499.37162779,FALSE
32,Group5_20-80,conf_03,TRUE,-1499.37160729,FALSE
32,Group5_20-80,conf_04,TRUE,-1499.37172023,FALSE
32,Group5_20-80,conf_05,TRUE,-1499.37172398,FALSE
32,Group5_20-80,conf_06,TRUE,-1499.37162922,FALSE
32,Group5_20-80,conf_07,TRUE,-1499.37162763,FALSE
32,Group5_20-80,conf_08,TRUE,-1499.37162758,FALSE
32,Group5_20-80,conf_09,TRUE,-1499.37086490,FALSE
32,Group5_20-80,conf_10,TRUE,-1499.37084692,FALSE
32,Group5_20-80,conf_11,TRUE,-1499.37162523,FALSE
32,Group5_20-80,conf_12,TRUE,-1499.37163365,FALSE
32,Group5_20-80,conf_13,TRUE,-1499.37163034,FALSE
32,Group5_20-80,conf_14,TRUE,-1499.37163358,FALSE
32,Group5_20-80,conf_15,TRUE,-1499.37170006,FALSE
32,Group5_20-80,conf_16,TRUE,-1499.37168168,FALSE
32,Group5_20-80,conf_17,TRUE,-1499.37095133,FALSE
32,Group5_20-80,conf_18,TRUE,-1499.37160463,FALSE
32,Group5_20-80,conf_19,TRUE,-1499.37087365,FALSE
32,Group5_20-80,conf_20,TRUE,-1499.37094709,FALSE
32,Group5_20-80,conf_21,TRUE,-1499.37135032,FALSE
32,Group5_20-80,conf_22,TRUE,-1499.37164017,FALSE
32,Group5_20-80,conf_23,TRUE,-1499.37166849,FALSE
32,Group5_20-80,conf_24,TRUE,-1499.37138022,FALSE
32,Group5_20-80,conf_25,TRUE,-1499.37136331,FALSE
32,Group5_20-80,conf_26,TRUE,-1499.36833382,TRUE
32,Group5_20-80,conf_27,TRUE,-1499.37140673,FALSE
32,Group5_20-80,conf_28,TRUE,-1499.37127439,FALSE
32,Group6_100Org,conf_01,TRUE,-1499.37156418,FALSE
32,Group6_100Org,conf_02,TRUE,-1499.37155393,FALSE
32,Group6_100Org,conf_03,TRUE,-1499.37153298,FALSE
32,Group6_100Org,conf_04,TRUE,-1499.37164398,FALSE
32,Group6_100Org,conf_05,TRUE,-1499.37164685,FALSE
32,Group6_100Org,conf_06,TRUE,-1499.37155418,FALSE
32,Group6_100Org,conf_07,TRUE,-1499.37155116,FALSE
32,Group6_100Org,conf_08,TRUE,-1499.37155257,FALSE
32,Group6_100Org,conf_09,TRUE,-1499.37079599,FALSE
32,Group6_100Org,conf_10,TRUE,-1499.37077279,FALSE
32,Group6_100Org,conf_11,TRUE,-1499.37154989,FALSE
32,Group6_100Org,conf_12,TRUE,-1499.37155882,FALSE
32,Group6_100Org,conf_13,TRUE,-1499.37155484,FALSE
32,Group6_100Org,conf_14,TRUE,-1499.37155784,FALSE
32,Group6_100Org,conf_15,TRUE,-1499.37161886,FALSE
32,Group6_100Org,conf_16,TRUE,-1499.37160609,FALSE
32,Group6_100Org,conf_17,TRUE,-1499.37087431,FALSE
32,Group6_100Org,conf_18,TRUE,-1499.37153115,FALSE
32,Group6_100Org,conf_19,TRUE,-1499.37079885,FALSE
32,Group6_100Org,conf_20,TRUE,-1499.37086640,FALSE
32,Group6_100Org,conf_21,TRUE,-1499.37127456,FALSE
32,Group6_100Org,conf_22,TRUE,-1499.37156591,FALSE
32,Group6_100Org,conf_23,TRUE,-1499.37159258,FALSE
32,Group6_100Org,conf_24,TRUE,-1499.37130390,FALSE
32,Group6_100Org,conf_25,TRUE,-1499.37128742,FALSE
32,Group6_100Org,conf_26,TRUE,-1499.36825779,TRUE
32,Group6_100Org,conf_27,TRUE,-1499.37132998,FALSE
32,Group6_100Org,conf_28,TRUE,-1499.37119887,FALSE